<?xml version="1.0" encoding="UTF-8"?>
<changelog xmlns="http://www.omnigroup.com/namespace/OmniPlan/v2">
  <version>2.1</version>
  <task-change-set user="Михаил Мариненко" date="2018-10-12T14:15:36.178Z" timestamp="2018-10-12T14:15:36.178Z">
    <change idref="t1" from="t-1" from-position="0" resolved="yes">
      <change idref="t1" attribute="title" type="string" to="Задача 1"/>
    </change>
    <change idref="t8" to="t-1" to-position="0" resolved="yes">
      <change idref="t8" attribute="effort" type="real" from="28800" to="3600"/>
      <change idref="t8" attribute="resourceLeveledDate" type="date" to="2018-10-17T01:45:00.000Z"/>
      <change idref="t8" attribute="title" type="string" to="Первое Знакомство с Линукс + вступительное слово"/>
    </change>
    <change idref="t10" to="t-1" to-position="1" resolved="yes">
      <change idref="t10" attribute="effort" type="real" from="28800" to="3600"/>
      <change idref="t10" attribute="internalPrerequisitesString" type="string" to="8FS"/>
      <change idref="t10" attribute="noEarlierThanConstraintDate" type="date" to="2018-10-18T01:45:00.000Z"/>
      <change idref="t10" attribute="resourceLeveledDate" type="date" to="2018-10-18T01:45:00.000Z"/>
      <change idref="t10" attribute="title" type="string" to="Линукс №1 (Терминал, интервейс)"/>
    </change>
    <change idref="t11" to="t-1" to-position="2" resolved="yes">
      <change idref="t11" attribute="effort" type="real" from="28800" to="3600"/>
      <change idref="t11" attribute="internalPrerequisitesString" type="string" to="10FS"/>
      <change idref="t11" attribute="noEarlierThanConstraintDate" type="date" to="2018-10-24T01:45:00.000Z"/>
      <change idref="t11" attribute="resourceLeveledDate" type="date" to="2018-10-24T01:45:00.000Z"/>
      <change idref="t11" attribute="title" type="string" to="Линукс №2 Терминал BASH скриптинг"/>
    </change>
    <change idref="t12" to="t-1" to-position="3" resolved="yes">
      <change idref="t12" attribute="effort" type="real" from="28800" to="3600"/>
      <change idref="t12" attribute="internalPrerequisitesString" type="string" to="11FS"/>
      <change idref="t12" attribute="noEarlierThanConstraintDate" type="date" to="2018-10-25T01:45:00.000Z"/>
      <change idref="t12" attribute="resourceLeveledDate" type="date" to="2018-10-25T01:45:00.000Z"/>
      <change idref="t12" attribute="title" type="string" to="Линукс Терминал APT, DEB"/>
    </change>
    <change idref="t13" to="t-1" to-position="4" resolved="yes">
      <change idref="t13" attribute="effort" type="real" from="28800" to="3600"/>
      <change idref="t13" attribute="internalPrerequisitesString" type="string" to="12FS"/>
      <change idref="t13" attribute="noEarlierThanConstraintDate" type="date" to="2018-10-31T02:45:00.000Z"/>
      <change idref="t13" attribute="resourceLeveledDate" type="date" to="2018-10-31T02:45:00.000Z"/>
      <change idref="t13" attribute="title" type="string" to="Web #1 HTML"/>
    </change>
    <change idref="t14" to="t-1" to-position="5" resolved="yes">
      <change idref="t14" attribute="effort" type="real" from="28800" to="3600"/>
      <change idref="t14" attribute="internalPrerequisitesString" type="string" to="13FS"/>
      <change idref="t14" attribute="noEarlierThanConstraintDate" type="date" to="2018-11-01T02:45:00.000Z"/>
      <change idref="t14" attribute="resourceLeveledDate" type="date" to="2018-11-01T02:45:00.000Z"/>
      <change idref="t14" attribute="title" type="string" to="Web #2 HTML"/>
    </change>
    <change idref="t15" to="t-1" to-position="6" resolved="yes">
      <change idref="t15" attribute="effort" type="real" from="28800" to="3600"/>
      <change idref="t15" attribute="internalPrerequisitesString" type="string" to="14FS"/>
      <change idref="t15" attribute="noEarlierThanConstraintDate" type="date" to="2018-11-07T02:45:00.000Z"/>
      <change idref="t15" attribute="resourceLeveledDate" type="date" to="2018-11-07T02:45:00.000Z"/>
      <change idref="t15" attribute="title" type="string" to="Web #3 HTML"/>
    </change>
    <change idref="t16" to="t-1" to-position="7" resolved="yes">
      <change idref="t16" attribute="effort" type="real" from="28800" to="3600"/>
      <change idref="t16" attribute="internalPrerequisitesString" type="string" to="15FS"/>
      <change idref="t16" attribute="noEarlierThanConstraintDate" type="date" to="2018-11-08T02:45:00.000Z"/>
      <change idref="t16" attribute="resourceLeveledDate" type="date" to="2018-11-08T02:45:00.000Z"/>
      <change idref="t16" attribute="title" type="string" to="Web #4 CSS"/>
    </change>
    <change idref="t17" to="t-1" to-position="8" resolved="yes">
      <change idref="t17" attribute="effort" type="real" from="28800" to="3600"/>
      <change idref="t17" attribute="internalPrerequisitesString" type="string" to="16FS"/>
      <change idref="t17" attribute="noEarlierThanConstraintDate" type="date" to="2018-11-14T02:45:00.000Z"/>
      <change idref="t17" attribute="resourceLeveledDate" type="date" to="2018-11-14T02:45:00.000Z"/>
      <change idref="t17" attribute="title" type="string" to="Web #5 CSS"/>
    </change>
    <change idref="t18" to="t-1" to-position="9" resolved="yes">
      <change idref="t18" attribute="effort" type="real" from="28800" to="3600"/>
      <change idref="t18" attribute="internalPrerequisitesString" type="string" to="17FS"/>
      <change idref="t18" attribute="noEarlierThanConstraintDate" type="date" to="2018-11-15T02:45:00.000Z"/>
      <change idref="t18" attribute="resourceLeveledDate" type="date" to="2018-11-15T02:45:00.000Z"/>
      <change idref="t18" attribute="title" type="string" to="Web #6 CSS"/>
    </change>
    <change idref="t19" to="t-1" to-position="10" resolved="yes">
      <change idref="t19" attribute="effort" type="real" from="28800" to="3600"/>
      <change idref="t19" attribute="internalPrerequisitesString" type="string" to="18FS"/>
      <change idref="t19" attribute="noEarlierThanConstraintDate" type="date" to="2018-11-21T02:45:00.000Z"/>
      <change idref="t19" attribute="resourceLeveledDate" type="date" to="2018-11-21T02:45:00.000Z"/>
      <change idref="t19" attribute="title" type="string" to="Web + Linux #7 Теминал + Apache2 "/>
    </change>
    <change idref="t20" to="t-1" to-position="11" resolved="yes">
      <change idref="t20" attribute="effort" type="real" from="28800" to="3600"/>
      <change idref="t20" attribute="internalPrerequisitesString" type="string" to="19FS"/>
      <change idref="t20" attribute="noEarlierThanConstraintDate" type="date" to="2018-11-22T02:45:00.000Z"/>
      <change idref="t20" attribute="resourceLeveledDate" type="date" to="2018-11-22T02:45:00.000Z"/>
      <change idref="t20" attribute="title" type="string" to="Web #7 CSS"/>
    </change>
    <change idref="t21" to="t-1" to-position="12" resolved="yes">
      <change idref="t21" attribute="effort" type="real" from="28800" to="3600"/>
      <change idref="t21" attribute="internalPrerequisitesString" type="string" to="20FS"/>
      <change idref="t21" attribute="noEarlierThanConstraintDate" type="date" to="2018-11-28T02:45:00.000Z"/>
      <change idref="t21" attribute="resourceLeveledDate" type="date" to="2018-11-28T02:45:00.000Z"/>
      <change idref="t21" attribute="title" type="string" to="Web #8 Javascript"/>
    </change>
    <change idref="t22" to="t-1" to-position="13" resolved="yes">
      <change idref="t22" attribute="effort" type="real" from="28800" to="3600"/>
      <change idref="t22" attribute="internalPrerequisitesString" type="string" to="21FS"/>
      <change idref="t22" attribute="noEarlierThanConstraintDate" type="date" to="2018-11-29T02:45:00.000Z"/>
      <change idref="t22" attribute="resourceLeveledDate" type="date" to="2018-11-29T02:45:00.000Z"/>
      <change idref="t22" attribute="title" type="string" to="Web #9 Javascript"/>
    </change>
    <change idref="t23" to="t-1" to-position="14" resolved="yes">
      <change idref="t23" attribute="effort" type="real" from="28800" to="3600"/>
      <change idref="t23" attribute="internalPrerequisitesString" type="string" to="22FS"/>
      <change idref="t23" attribute="noEarlierThanConstraintDate" type="date" to="2018-12-05T02:45:00.000Z"/>
      <change idref="t23" attribute="resourceLeveledDate" type="date" to="2018-12-05T02:45:00.000Z"/>
      <change idref="t23" attribute="title" type="string" to="Web #10 Javascript"/>
    </change>
    <change idref="t24" to="t-1" to-position="15" resolved="yes">
      <change idref="t24" attribute="effort" type="real" from="28800" to="3600"/>
      <change idref="t24" attribute="internalPrerequisitesString" type="string" to="23FS"/>
      <change idref="t24" attribute="noEarlierThanConstraintDate" type="date" to="2018-12-06T02:45:00.000Z"/>
      <change idref="t24" attribute="resourceLeveledDate" type="date" to="2018-12-06T02:45:00.000Z"/>
      <change idref="t24" attribute="title" type="string" to="Web #11 Javascript"/>
    </change>
    <change idref="t25" to="t-1" to-position="16" resolved="yes">
      <change idref="t25" attribute="effort" type="real" from="28800" to="3600"/>
      <change idref="t25" attribute="internalPrerequisitesString" type="string" to="24FS"/>
      <change idref="t25" attribute="noEarlierThanConstraintDate" type="date" to="2018-12-12T02:45:00.000Z"/>
      <change idref="t25" attribute="resourceLeveledDate" type="date" to="2018-12-12T02:45:00.000Z"/>
      <change idref="t25" attribute="title" type="string" to="Web #12 Javascript"/>
    </change>
    <change idref="t26" to="t-1" to-position="17" resolved="yes">
      <change idref="t26" attribute="effort" type="real" from="28800" to="3600"/>
      <change idref="t26" attribute="internalPrerequisitesString" type="string" to="25FS"/>
      <change idref="t26" attribute="noEarlierThanConstraintDate" type="date" to="2018-12-13T02:45:00.000Z"/>
      <change idref="t26" attribute="resourceLeveledDate" type="date" to="2018-12-13T02:45:00.000Z"/>
      <change idref="t26" attribute="title" type="string" to="Web #13 Javascript"/>
    </change>
    <change idref="t27" to="t-1" to-position="18" resolved="yes">
      <change idref="t27" attribute="effort" type="real" from="28800" to="3600"/>
      <change idref="t27" attribute="internalPrerequisitesString" type="string" to="26FS"/>
      <change idref="t27" attribute="noEarlierThanConstraintDate" type="date" to="2018-12-19T02:45:00.000Z"/>
      <change idref="t27" attribute="resourceLeveledDate" type="date" to="2018-12-19T02:45:00.000Z"/>
      <change idref="t27" attribute="title" type="string" to="Web #14 Javascript"/>
    </change>
    <change idref="t28" to="t-1" to-position="19" resolved="yes">
      <change idref="t28" attribute="effort" type="real" from="28800" to="3600"/>
      <change idref="t28" attribute="internalPrerequisitesString" type="string" to="27FS"/>
      <change idref="t28" attribute="noEarlierThanConstraintDate" type="date" to="2018-12-20T02:45:00.000Z"/>
      <change idref="t28" attribute="resourceLeveledDate" type="date" to="2018-12-20T02:45:00.000Z"/>
      <change idref="t28" attribute="title" type="string" to="Web #15 Javascript"/>
    </change>
    <change idref="t29" to="t-1" to-position="20" resolved="yes">
      <change idref="t29" attribute="effort" type="real" from="28800" to="3600"/>
      <change idref="t29" attribute="internalPrerequisitesString" type="string" to="28FS"/>
      <change idref="t29" attribute="noEarlierThanConstraintDate" type="date" to="2018-12-26T02:45:00.000Z"/>
      <change idref="t29" attribute="resourceLeveledDate" type="date" to="2018-12-26T02:45:00.000Z"/>
      <change idref="t29" attribute="title" type="string" to="Linux + Node.js #16 (Linux+ Javascript server-side)"/>
    </change>
    <change idref="t30" to="t-1" to-position="21" resolved="yes">
      <change idref="t30" attribute="effort" type="real" from="28800" to="3600"/>
      <change idref="t30" attribute="internalPrerequisitesString" type="string" to="29FS"/>
      <change idref="t30" attribute="noEarlierThanConstraintDate" type="date" to="2018-12-27T02:45:00.000Z"/>
      <change idref="t30" attribute="resourceLeveledDate" type="date" to="2018-12-27T02:45:00.000Z"/>
      <change idref="t30" attribute="title" type="string" to="Node.js #17"/>
    </change>
    <change idref="t31" to="t-1" to-position="22" resolved="yes">
      <change idref="t31" attribute="effort" type="real" from="28800" to="3600"/>
      <change idref="t31" attribute="internalPrerequisitesString" type="string" to="30FS"/>
      <change idref="t31" attribute="noEarlierThanConstraintDate" type="date" to="2019-01-02T02:45:00.000Z"/>
      <change idref="t31" attribute="resourceLeveledDate" type="date" to="2019-01-02T02:45:00.000Z"/>
      <change idref="t31" attribute="title" type="string" to="Node.js #18 "/>
    </change>
    <change idref="t32" to="t-1" to-position="23" resolved="yes">
      <change idref="t32" attribute="effort" type="real" from="28800" to="3600"/>
      <change idref="t32" attribute="internalPrerequisitesString" type="string" to="31FS"/>
      <change idref="t32" attribute="noEarlierThanConstraintDate" type="date" to="2019-01-03T02:45:00.000Z"/>
      <change idref="t32" attribute="resourceLeveledDate" type="date" to="2019-01-03T02:45:00.000Z"/>
      <change idref="t32" attribute="title" type="string" to="Node.js #19"/>
    </change>
    <change idref="t33" to="t-1" to-position="24" resolved="yes">
      <change idref="t33" attribute="effort" type="real" from="28800" to="3600"/>
      <change idref="t33" attribute="internalPrerequisitesString" type="string" to="32FS"/>
      <change idref="t33" attribute="noEarlierThanConstraintDate" type="date" to="2019-01-09T02:45:00.000Z"/>
      <change idref="t33" attribute="resourceLeveledDate" type="date" to="2019-01-09T02:45:00.000Z"/>
      <change idref="t33" attribute="title" type="string" to="Node.js #20"/>
    </change>
    <change idref="t34" to="t-1" to-position="25" resolved="yes">
      <change idref="t34" attribute="effort" type="real" from="28800" to="3600"/>
      <change idref="t34" attribute="internalPrerequisitesString" type="string" to="33FS"/>
      <change idref="t34" attribute="noEarlierThanConstraintDate" type="date" to="2019-01-10T02:45:00.000Z"/>
      <change idref="t34" attribute="resourceLeveledDate" type="date" to="2019-01-10T02:45:00.000Z"/>
      <change idref="t34" attribute="title" type="string" to="Node.js #21"/>
    </change>
    <change idref="t35" to="t-1" to-position="26" resolved="yes">
      <change idref="t35" attribute="effort" type="real" from="28800" to="3600"/>
      <change idref="t35" attribute="internalPrerequisitesString" type="string" to="34FS"/>
      <change idref="t35" attribute="noEarlierThanConstraintDate" type="date" to="2019-01-16T02:45:00.000Z"/>
      <change idref="t35" attribute="resourceLeveledDate" type="date" to="2019-01-16T02:45:00.000Z"/>
      <change idref="t35" attribute="title" type="string" to="Node.js #22"/>
    </change>
    <change idref="t36" to="t-1" to-position="27" resolved="yes">
      <change idref="t36" attribute="effort" type="real" from="28800" to="3600"/>
      <change idref="t36" attribute="internalPrerequisitesString" type="string" to="35FS"/>
      <change idref="t36" attribute="noEarlierThanConstraintDate" type="date" to="2019-01-17T02:45:00.000Z"/>
      <change idref="t36" attribute="resourceLeveledDate" type="date" to="2019-01-17T02:45:00.000Z"/>
      <change idref="t36" attribute="title" type="string" to="Docker + Linux (Развертка приложений с помощью докер)"/>
    </change>
    <change idref="t37" to="t-1" to-position="28" resolved="yes">
      <change idref="t37" attribute="effort" type="real" from="28800" to="3600"/>
      <change idref="t37" attribute="internalPrerequisitesString" type="string" to="36FS"/>
      <change idref="t37" attribute="noEarlierThanConstraintDate" type="date" to="2019-01-23T02:45:00.000Z"/>
      <change idref="t37" attribute="resourceLeveledDate" type="date" to="2019-01-23T02:45:00.000Z"/>
      <change idref="t37" attribute="title" type="string" to="Docker + Linux"/>
    </change>
    <change idref="t38" to="t-1" to-position="29" resolved="yes">
      <change idref="t38" attribute="effort" type="real" from="28800" to="3600"/>
      <change idref="t38" attribute="internalPrerequisitesString" type="string" to="37FS"/>
      <change idref="t38" attribute="noEarlierThanConstraintDate" type="date" to="2019-01-24T02:45:00.000Z"/>
      <change idref="t38" attribute="resourceLeveledDate" type="date" to="2019-01-24T02:45:00.000Z"/>
      <change idref="t38" attribute="title" type="string" to="Docker + Linux"/>
    </change>
    <change idref="t40" to="t-1" to-position="30" resolved="yes">
      <change idref="t40" attribute="effort" type="real" from="28800" to="3600"/>
      <change idref="t40" attribute="internalPrerequisitesString" type="string" to="38FS"/>
      <change idref="t40" attribute="noEarlierThanConstraintDate" type="date" to="2019-01-30T02:45:00.000Z"/>
      <change idref="t40" attribute="resourceLeveledDate" type="date" to="2019-01-30T02:45:00.000Z"/>
      <change idref="t40" attribute="title" type="string" to="Окончательное слово, что делать дальше, фриланс..."/>
    </change>
  </task-change-set>
  <resource-change-set user="Михаил Мариненко" date="2018-10-12T14:15:36.175Z" timestamp="2018-10-12T14:15:36.175Z">
    <change idref="r-1" attribute="standardHoursString" type="string" from="-;-;-;-;-;-;-" to=";;;17100,20700;17100,20700;;" resolved="yes"/>
    <change idref="r1" attribute="name" type="string" from="Ресурс 1" to="Мариненко Михаил" resolved="yes"/>
  </resource-change-set>
  <metadata-change-set user="Михаил Мариненко" date="2018-10-12T14:15:36.172Z" timestamp="2018-10-12T14:15:36.172Z">
    <change idref="m1" attribute="autoLevelResources" type="real" from="0" to="1" resolved="yes"/>
    <change idref="m1" attribute="minimumSplitDuration" type="real" from="0" to="162000" resolved="yes"/>
    <change idref="m1" attribute="fixedDate" type="date" from="2007-01-01T20:00:00.000Z" to="2018-10-12T05:00:00.000Z" resolved="yes"/>
    <change idref="m1" attribute="currencyName" type="string" to="1 234,56 ₴" resolved="yes"/>
    <change idref="m1" attribute="baseStyle" type="dict" to="{&#10;    &quot;font-family&quot; = Comfortaa;&#10;    &quot;font-fill&quot; =     {&#10;        b = 0;&#10;        g = 0;&#10;        r = 0;&#10;        space = srgb;&#10;    };&#10;    &quot;text-background-color&quot; =     {&#10;        a = 0;&#10;        b = 1;&#10;        g = 1;&#10;        r = 1;&#10;        space = srgb;&#10;    };&#10;}" resolved="yes"/>
  </metadata-change-set>
</changelog>
