<?xml version="1.0" encoding="UTF-8"?>
<scenario xmlns="http://www.omnigroup.com/namespace/OmniPlan/v2" xmlns:opns="http://www.omnigroup.com/namespace/OmniPlan/v2" id="cEQvExkwDr-">
  <start-date>2018-10-12T05:00:00.000Z</start-date>
  <prototype-task>
    <task id="t-2">
      <title>Задача 1</title>
      <effort>28800</effort>
    </task>
  </prototype-task>
  <prototype-task>
    <task id="t-3">
      <title>Веха 1</title>
      <type>milestone</type>
    </task>
  </prototype-task>
  <prototype-task>
    <task id="t-4">
      <title>Группа 1</title>
      <type>group</type>
    </task>
  </prototype-task>
  <prototype-resource>
    <resource id="r-2">
      <name>Ресурс 1</name>
      <type>Staff</type>
    </resource>
  </prototype-resource>
  <prototype-resource>
    <resource id="r-3">
      <name>Оборудование 1</name>
      <type>Equipment</type>
    </resource>
  </prototype-resource>
  <prototype-resource>
    <resource id="r-4">
      <name>Материал 1</name>
      <type>Material</type>
      <units-available>0</units-available>
      <efficiency>0</efficiency>
    </resource>
  </prototype-resource>
  <prototype-resource>
    <resource id="r-5">
      <name>Группа 1</name>
      <type>Group</type>
    </resource>
  </prototype-resource>
  <top-resource idref="r-1"/>
  <resource id="r-1">
    <name/>
    <type>Group</type>
    <schedule>
      <schedule-day day-of-week="sunday"/>
      <schedule-day day-of-week="monday"/>
      <schedule-day day-of-week="tuesday"/>
      <schedule-day day-of-week="wednesday">
        <time-span start-time="17100" end-time="20700"/>
      </schedule-day>
      <schedule-day day-of-week="thursday">
        <time-span start-time="17100" end-time="20700"/>
      </schedule-day>
      <schedule-day day-of-week="friday"/>
      <schedule-day day-of-week="saturday"/>
      <calendar name="Time Off" editable="yes" overtime="no"/>
      <calendar name="Overtime" editable="yes" overtime="yes"/>
    </schedule>
    <child-resource idref="r1"/>
  </resource>
  <resource id="r1">
    <name>Мариненко Михаил</name>
    <type>Staff</type>
  </resource>
  <top-task idref="t-1"/>
  <task id="t-1">
    <type>group</type>
    <child-task idref="t8"/>
    <child-task idref="t10"/>
    <child-task idref="t11"/>
    <child-task idref="t12"/>
    <child-task idref="t13"/>
    <child-task idref="t14"/>
    <child-task idref="t15"/>
    <child-task idref="t16"/>
    <child-task idref="t17"/>
    <child-task idref="t18"/>
    <child-task idref="t19"/>
    <child-task idref="t20"/>
    <child-task idref="t21"/>
    <child-task idref="t22"/>
    <child-task idref="t23"/>
    <child-task idref="t24"/>
    <child-task idref="t25"/>
    <child-task idref="t26"/>
    <child-task idref="t27"/>
    <child-task idref="t28"/>
    <child-task idref="t29"/>
    <child-task idref="t30"/>
    <child-task idref="t31"/>
    <child-task idref="t32"/>
    <child-task idref="t33"/>
    <child-task idref="t34"/>
    <child-task idref="t35"/>
    <child-task idref="t36"/>
    <child-task idref="t37"/>
    <child-task idref="t38"/>
    <child-task idref="t40"/>
  </task>
  <task id="t8">
    <title>Первое Знакомство с Линукс + вступительное слово</title>
    <leveled-start>2018-10-17T01:45:00.000Z</leveled-start>
    <effort>3600</effort>
    <min-estimate>1800</min-estimate>
    <max-estimate>5400</max-estimate>
  </task>
  <task id="t10">
    <title>Линукс №1 (Терминал, интервейс)</title>
    <leveled-start>2018-10-18T01:45:00.000Z</leveled-start>
    <effort>3600</effort>
    <min-estimate>1800</min-estimate>
    <max-estimate>5400</max-estimate>
    <start-constraint-date>2018-10-18T01:45:00.000Z</start-constraint-date>
    <prerequisite-task idref="t8"/>
    <start-no-earlier-than>2018-10-18T01:45:00.000Z</start-no-earlier-than>
  </task>
  <task id="t11">
    <title>Линукс №2 Терминал BASH скриптинг</title>
    <leveled-start>2018-10-24T01:45:00.000Z</leveled-start>
    <effort>3600</effort>
    <min-estimate>1800</min-estimate>
    <max-estimate>5400</max-estimate>
    <start-constraint-date>2018-10-24T01:45:00.000Z</start-constraint-date>
    <prerequisite-task idref="t10"/>
    <start-no-earlier-than>2018-10-24T01:45:00.000Z</start-no-earlier-than>
  </task>
  <task id="t12">
    <title>Линукс Терминал APT, DEB</title>
    <leveled-start>2018-10-25T01:45:00.000Z</leveled-start>
    <effort>3600</effort>
    <min-estimate>1800</min-estimate>
    <max-estimate>5400</max-estimate>
    <start-constraint-date>2018-10-25T01:45:00.000Z</start-constraint-date>
    <prerequisite-task idref="t11"/>
    <start-no-earlier-than>2018-10-25T01:45:00.000Z</start-no-earlier-than>
  </task>
  <task id="t13">
    <title>Web #1 HTML</title>
    <leveled-start>2018-10-31T02:45:00.000Z</leveled-start>
    <effort>3600</effort>
    <min-estimate>1800</min-estimate>
    <max-estimate>5400</max-estimate>
    <start-constraint-date>2018-10-31T02:45:00.000Z</start-constraint-date>
    <prerequisite-task idref="t12"/>
    <start-no-earlier-than>2018-10-31T02:45:00.000Z</start-no-earlier-than>
  </task>
  <task id="t14">
    <title>Web #2 HTML</title>
    <leveled-start>2018-11-01T02:45:00.000Z</leveled-start>
    <effort>3600</effort>
    <min-estimate>1800</min-estimate>
    <max-estimate>5400</max-estimate>
    <start-constraint-date>2018-11-01T02:45:00.000Z</start-constraint-date>
    <prerequisite-task idref="t13"/>
    <start-no-earlier-than>2018-11-01T02:45:00.000Z</start-no-earlier-than>
  </task>
  <task id="t15">
    <title>Web #3 HTML</title>
    <leveled-start>2018-11-07T02:45:00.000Z</leveled-start>
    <effort>3600</effort>
    <min-estimate>1800</min-estimate>
    <max-estimate>5400</max-estimate>
    <start-constraint-date>2018-11-07T02:45:00.000Z</start-constraint-date>
    <prerequisite-task idref="t14"/>
    <start-no-earlier-than>2018-11-07T02:45:00.000Z</start-no-earlier-than>
  </task>
  <task id="t16">
    <title>Web #4 CSS</title>
    <leveled-start>2018-11-08T02:45:00.000Z</leveled-start>
    <effort>3600</effort>
    <min-estimate>1800</min-estimate>
    <max-estimate>5400</max-estimate>
    <start-constraint-date>2018-11-08T02:45:00.000Z</start-constraint-date>
    <prerequisite-task idref="t15"/>
    <start-no-earlier-than>2018-11-08T02:45:00.000Z</start-no-earlier-than>
  </task>
  <task id="t17">
    <title>Web #5 CSS</title>
    <leveled-start>2018-11-14T02:45:00.000Z</leveled-start>
    <effort>3600</effort>
    <min-estimate>1800</min-estimate>
    <max-estimate>5400</max-estimate>
    <start-constraint-date>2018-11-14T02:45:00.000Z</start-constraint-date>
    <prerequisite-task idref="t16"/>
    <start-no-earlier-than>2018-11-14T02:45:00.000Z</start-no-earlier-than>
  </task>
  <task id="t18">
    <title>Web #6 CSS</title>
    <leveled-start>2018-11-15T02:45:00.000Z</leveled-start>
    <effort>3600</effort>
    <min-estimate>1800</min-estimate>
    <max-estimate>5400</max-estimate>
    <start-constraint-date>2018-11-15T02:45:00.000Z</start-constraint-date>
    <prerequisite-task idref="t17"/>
    <start-no-earlier-than>2018-11-15T02:45:00.000Z</start-no-earlier-than>
  </task>
  <task id="t19">
    <title>Web + Linux #7 Теминал + Apache2 </title>
    <leveled-start>2018-11-21T02:45:00.000Z</leveled-start>
    <effort>3600</effort>
    <min-estimate>1800</min-estimate>
    <max-estimate>5400</max-estimate>
    <start-constraint-date>2018-11-21T02:45:00.000Z</start-constraint-date>
    <prerequisite-task idref="t18"/>
    <start-no-earlier-than>2018-11-21T02:45:00.000Z</start-no-earlier-than>
  </task>
  <task id="t20">
    <title>Web #7 CSS</title>
    <leveled-start>2018-11-22T02:45:00.000Z</leveled-start>
    <effort>3600</effort>
    <min-estimate>1800</min-estimate>
    <max-estimate>5400</max-estimate>
    <start-constraint-date>2018-11-22T02:45:00.000Z</start-constraint-date>
    <prerequisite-task idref="t19"/>
    <start-no-earlier-than>2018-11-22T02:45:00.000Z</start-no-earlier-than>
  </task>
  <task id="t21">
    <title>Web #8 Javascript</title>
    <leveled-start>2018-11-28T02:45:00.000Z</leveled-start>
    <effort>3600</effort>
    <min-estimate>1800</min-estimate>
    <max-estimate>5400</max-estimate>
    <start-constraint-date>2018-11-28T02:45:00.000Z</start-constraint-date>
    <prerequisite-task idref="t20"/>
    <start-no-earlier-than>2018-11-28T02:45:00.000Z</start-no-earlier-than>
  </task>
  <task id="t22">
    <title>Web #9 Javascript</title>
    <leveled-start>2018-11-29T02:45:00.000Z</leveled-start>
    <effort>3600</effort>
    <min-estimate>1800</min-estimate>
    <max-estimate>5400</max-estimate>
    <start-constraint-date>2018-11-29T02:45:00.000Z</start-constraint-date>
    <prerequisite-task idref="t21"/>
    <start-no-earlier-than>2018-11-29T02:45:00.000Z</start-no-earlier-than>
  </task>
  <task id="t23">
    <title>Web #10 Javascript</title>
    <leveled-start>2018-12-05T02:45:00.000Z</leveled-start>
    <effort>3600</effort>
    <min-estimate>1800</min-estimate>
    <max-estimate>5400</max-estimate>
    <start-constraint-date>2018-12-05T02:45:00.000Z</start-constraint-date>
    <prerequisite-task idref="t22"/>
    <start-no-earlier-than>2018-12-05T02:45:00.000Z</start-no-earlier-than>
  </task>
  <task id="t24">
    <title>Web #11 Javascript</title>
    <leveled-start>2018-12-06T02:45:00.000Z</leveled-start>
    <effort>3600</effort>
    <min-estimate>1800</min-estimate>
    <max-estimate>5400</max-estimate>
    <start-constraint-date>2018-12-06T02:45:00.000Z</start-constraint-date>
    <prerequisite-task idref="t23"/>
    <start-no-earlier-than>2018-12-06T02:45:00.000Z</start-no-earlier-than>
  </task>
  <task id="t25">
    <title>Web #12 Javascript</title>
    <leveled-start>2018-12-12T02:45:00.000Z</leveled-start>
    <effort>3600</effort>
    <min-estimate>1800</min-estimate>
    <max-estimate>5400</max-estimate>
    <start-constraint-date>2018-12-12T02:45:00.000Z</start-constraint-date>
    <prerequisite-task idref="t24"/>
    <start-no-earlier-than>2018-12-12T02:45:00.000Z</start-no-earlier-than>
  </task>
  <task id="t26">
    <title>Web #13 Javascript</title>
    <leveled-start>2018-12-13T02:45:00.000Z</leveled-start>
    <effort>3600</effort>
    <min-estimate>1800</min-estimate>
    <max-estimate>5400</max-estimate>
    <start-constraint-date>2018-12-13T02:45:00.000Z</start-constraint-date>
    <prerequisite-task idref="t25"/>
    <start-no-earlier-than>2018-12-13T02:45:00.000Z</start-no-earlier-than>
  </task>
  <task id="t27">
    <title>Web #14 Javascript</title>
    <leveled-start>2018-12-19T02:45:00.000Z</leveled-start>
    <effort>3600</effort>
    <min-estimate>1800</min-estimate>
    <max-estimate>5400</max-estimate>
    <start-constraint-date>2018-12-19T02:45:00.000Z</start-constraint-date>
    <prerequisite-task idref="t26"/>
    <start-no-earlier-than>2018-12-19T02:45:00.000Z</start-no-earlier-than>
  </task>
  <task id="t28">
    <title>Web #15 Javascript</title>
    <leveled-start>2018-12-20T02:45:00.000Z</leveled-start>
    <effort>3600</effort>
    <min-estimate>1800</min-estimate>
    <max-estimate>5400</max-estimate>
    <start-constraint-date>2018-12-20T02:45:00.000Z</start-constraint-date>
    <prerequisite-task idref="t27"/>
    <start-no-earlier-than>2018-12-20T02:45:00.000Z</start-no-earlier-than>
  </task>
  <task id="t29">
    <title>Linux + Node.js #16 (Linux+ Javascript server-side)</title>
    <leveled-start>2018-12-26T02:45:00.000Z</leveled-start>
    <effort>3600</effort>
    <min-estimate>1800</min-estimate>
    <max-estimate>5400</max-estimate>
    <start-constraint-date>2018-12-26T02:45:00.000Z</start-constraint-date>
    <prerequisite-task idref="t28"/>
    <start-no-earlier-than>2018-12-26T02:45:00.000Z</start-no-earlier-than>
  </task>
  <task id="t30">
    <title>Node.js #17</title>
    <leveled-start>2018-12-27T02:45:00.000Z</leveled-start>
    <effort>3600</effort>
    <min-estimate>1800</min-estimate>
    <max-estimate>5400</max-estimate>
    <start-constraint-date>2018-12-27T02:45:00.000Z</start-constraint-date>
    <prerequisite-task idref="t29"/>
    <start-no-earlier-than>2018-12-27T02:45:00.000Z</start-no-earlier-than>
  </task>
  <task id="t31">
    <title>Node.js #18 </title>
    <leveled-start>2019-01-02T02:45:00.000Z</leveled-start>
    <effort>3600</effort>
    <min-estimate>1800</min-estimate>
    <max-estimate>5400</max-estimate>
    <start-constraint-date>2019-01-02T02:45:00.000Z</start-constraint-date>
    <prerequisite-task idref="t30"/>
    <start-no-earlier-than>2019-01-02T02:45:00.000Z</start-no-earlier-than>
  </task>
  <task id="t32">
    <title>Node.js #19</title>
    <leveled-start>2019-01-03T02:45:00.000Z</leveled-start>
    <effort>3600</effort>
    <min-estimate>1800</min-estimate>
    <max-estimate>5400</max-estimate>
    <start-constraint-date>2019-01-03T02:45:00.000Z</start-constraint-date>
    <prerequisite-task idref="t31"/>
    <start-no-earlier-than>2019-01-03T02:45:00.000Z</start-no-earlier-than>
  </task>
  <task id="t33">
    <title>Node.js #20</title>
    <leveled-start>2019-01-09T02:45:00.000Z</leveled-start>
    <effort>3600</effort>
    <min-estimate>1800</min-estimate>
    <max-estimate>5400</max-estimate>
    <start-constraint-date>2019-01-09T02:45:00.000Z</start-constraint-date>
    <prerequisite-task idref="t32"/>
    <start-no-earlier-than>2019-01-09T02:45:00.000Z</start-no-earlier-than>
  </task>
  <task id="t34">
    <title>Node.js #21</title>
    <leveled-start>2019-01-10T02:45:00.000Z</leveled-start>
    <effort>3600</effort>
    <min-estimate>1800</min-estimate>
    <max-estimate>5400</max-estimate>
    <start-constraint-date>2019-01-10T02:45:00.000Z</start-constraint-date>
    <prerequisite-task idref="t33"/>
    <start-no-earlier-than>2019-01-10T02:45:00.000Z</start-no-earlier-than>
  </task>
  <task id="t35">
    <title>Node.js #22</title>
    <leveled-start>2019-01-16T02:45:00.000Z</leveled-start>
    <effort>3600</effort>
    <min-estimate>1800</min-estimate>
    <max-estimate>5400</max-estimate>
    <start-constraint-date>2019-01-16T02:45:00.000Z</start-constraint-date>
    <prerequisite-task idref="t34"/>
    <start-no-earlier-than>2019-01-16T02:45:00.000Z</start-no-earlier-than>
  </task>
  <task id="t36">
    <title>Docker + Linux (Развертка приложений с помощью докер)</title>
    <leveled-start>2019-01-17T02:45:00.000Z</leveled-start>
    <effort>3600</effort>
    <min-estimate>1800</min-estimate>
    <max-estimate>5400</max-estimate>
    <start-constraint-date>2019-01-17T02:45:00.000Z</start-constraint-date>
    <prerequisite-task idref="t35"/>
    <start-no-earlier-than>2019-01-17T02:45:00.000Z</start-no-earlier-than>
  </task>
  <task id="t37">
    <title>Docker + Linux</title>
    <leveled-start>2019-01-23T02:45:00.000Z</leveled-start>
    <effort>3600</effort>
    <min-estimate>1800</min-estimate>
    <max-estimate>5400</max-estimate>
    <start-constraint-date>2019-01-23T02:45:00.000Z</start-constraint-date>
    <prerequisite-task idref="t36"/>
    <start-no-earlier-than>2019-01-23T02:45:00.000Z</start-no-earlier-than>
  </task>
  <task id="t38">
    <title>Docker + Linux</title>
    <leveled-start>2019-01-24T02:45:00.000Z</leveled-start>
    <effort>3600</effort>
    <min-estimate>1800</min-estimate>
    <max-estimate>5400</max-estimate>
    <start-constraint-date>2019-01-24T02:45:00.000Z</start-constraint-date>
    <prerequisite-task idref="t37"/>
    <start-no-earlier-than>2019-01-24T02:45:00.000Z</start-no-earlier-than>
  </task>
  <task id="t40">
    <title>Окончательное слово, что делать дальше, фриланс...</title>
    <leveled-start>2019-01-30T02:45:00.000Z</leveled-start>
    <effort>3600</effort>
    <min-estimate>1800</min-estimate>
    <max-estimate>5400</max-estimate>
    <start-constraint-date>2019-01-30T02:45:00.000Z</start-constraint-date>
    <prerequisite-task idref="t38"/>
    <start-no-earlier-than>2019-01-30T02:45:00.000Z</start-no-earlier-than>
  </task>
  <critical-path root="-1" enabled="false" resources="false">
    <color space="srgb" r="1" g="0.5" b="0.5"/>
  </critical-path>
</scenario>
